{"generation": 2, "results": [[-7.057551207493878, {"w0": [-0.9696616714195259, 0.5591265864933579, 0.1817869853736393, 0.023283860816380925, 0.9302350605362109, -0.9563056868635831, 0.17407998380082867, 0.00022886608148398047, 0.685789800522012, -0.2668881057327289, -0.4555264018493934, 0.3831104186994576, 0.15074706899857293, -0.49043595315180966, -0.6765805342581359, 1.0132268641553723, -0.412685858591854, -0.34029517866400816, 0.9503290452807673, -0.04525710063911892, -0.690262212597178, -0.6670010795996963, -0.5671652641113576, 0.5735028077324, -0.6096475737282763, -0.20642708090730683, 0.8654742400133717, 0.30235187028562227, 0.9491200026558311, 0.3380222500238952, 0.021326137320577948, 0.29957048627229566, 0.4545416235518511, 0.5512235298172756, 0.3196246586775986, 0.8880409909961315, 0.34362171485005466, 0.361081045057025, -0.8044403657327794, 0.4673409804811215, 0.8610989055770129, 0.7115553685243183, 0.10141544769677857, -0.7105340857073104, 0.9414858707386808, 0.8798970218332458, 0.4875717452671269, -0.6924799557121357, -0.7069512395099937, -0.7801284550117902, 0.7728259708086378, -0.18550517763615204, -0.001142125862797494, 0.4944414725640296, 0.19380630564774542, 0.4829665627164148, 0.20019134693845222, 0.7043051580168802, -0.5231794553888629, 0.5278095805910878, 0.6085543138961762, -0.7443368907324754, -0.6515576573097042, -0.012801802208168844, 0.02962344802454142, -0.22872721134841378, 0.9573737861884224, -0.14574619570223324, 0.17640152595093284, 0.028835874720515742, 0.05775097475237012, -0.774786053452498, 0.5141605236478866, -0.8353065912441933, 0.04269966658061053, 0.3003645588491519, 0.11315681203745098, -0.5713235672698298, -0.2754082658885111, -0.11401806880045107, 0.39448503752316366, 0.37706536357967213, -0.294446008488785, -0.5714037007982791, -0.7983367647602334, 0.9468412809551254, 0.13849656081096828, 0.5200528645743949, 0.07743701733025743, 0.24212442810972457, 0.8439640648667186, 2.024872757087566, -0.03382539699199438, 0.9101467788151416, -0.7207035838991774, 0.40882353380059566, -0.3532451064148343, 0.764631854520436, -0.3626662640370709, 0.6505738454626757, 0.05242403219255376, -0.49849299565604976, -1.1603709523082435, -0.34655163285892243, 0.5745610953447566, -0.11976104945154598, 0.7848240114446776, -0.8504882353826673, 0.23156025714726458, -0.680147832384556, -0.2981390409015223, -0.5728513881641963, 0.7165934023025646, -0.16256320425069895, 0.32920820790081873, 1.7252276904997155, -0.3097014307544048, 0.5134108388155062, 0.7746189321333357, 0.8662867913401942, -0.6398124638534082, -0.058442813909919566, -0.21044305584207645, -0.16816159647387274, 0.4065909677615027, 0.7364774871210118, 0.24676547238873958, -0.5329258483220494, 0.6684668720621001, 0.38609580330506676, 0.5496780776187533, -0.59143492534808, -0.5670423862608329, -0.1717637387581985, -0.29506853936014965, 0.7782377326118031, -0.9730724669627842, -0.3785904703857119, -0.3820429504160652, 0.7336615877596844, -0.6233683408979431, 0.8050975866518315, -0.6581305015658623, 0.6943856904032328, -0.4885258204427363, 0.7891910468695529, 0.8255884308269668, -0.02879319994937979, -0.9194898479958675, 0.6483961928225863, -0.9556685192702712, -0.10784093517447713, 0.2864700367759766, -0.08839227332995958, 0.029683443551931976, -1.602860373050393, 0.5288833717960313, 0.871329865548828, -0.4979836745889541, 0.8780113983728297, -0.14366859118624678, 1.1528173195809484, 0.8301435748249986, -0.6465913585485139, 0.1838131871786861, -0.31487224495627797, 0.2222489668930645, -0.0318221955920901, 0.7868160544839358, 0.7612160501760046, 0.6903682872319625, -0.42413080592392993, 0.004089975033606086, 0.0559015857993741, 0.4684791157327324, 0.2692352265031124, -0.5850526323824272, -0.10151822370270369, 0.25741228441924036, -0.37846877471615903, -0.6216966719387322, 0.164427756625247, 0.877565441075773, -0.02816669194599275, 0.7140298952668176, -0.5242526538967855, -0.11029561827465684, -0.814181325670055, 0.6196631247898711, 0.2802103648685945, -0.45256378441218437, 0.10897944382568459, 0.6403133389489983, 0.4758148801003561, 0.851860460332315, -0.5291462095594754, -0.027002821665834675, -0.06531840326627364, -0.05880358081432446, 0.5792259710438923, -0.5892184945675927, 0.5833360512928545, -0.1465914934408814, -0.29734239385855243, 0.18225400870668773, 0.8049379705702786, -0.2198659570811392, 1.0253609096392697, 0.05998941903243282, -0.3426285424592878, 0.04937658712394932, 0.23670372571468956, -0.843579475574888, -0.181652138387991, -0.09078635745926156, -0.5168920099258671, -0.2686344050033196, -0.8169948957409692, -0.8762555595372161, -1.0761050924135205, -0.6333297952809973, -0.3875527943943886, -0.8814519136132402, 0.5727294257288661, -0.09177344996140269, 0.943455150250291, 0.5856017034079847, 0.7436196183437511, -0.699698602076287, -1.0060182760700627, 0.08011210245457834, 0.8355128879289531, -0.3703481706164804, -0.41271455698294446, 0.36788703092509967, 0.13450646953318124, 0.3305044133876145, 0.912599202688892, 0.4189819154891288, 0.6818003426716839, 0.3112156639960517, -0.01701991887438678, -0.45689294815053605, 0.08958382198161341, 0.8551101316246932, -0.3427857510411352, 0.6970367172553875, 0.7721199114061574, -0.6805751210532713, -1.1753060234103212, 0.4163659286122463, 0.9498217834122609, -0.3754468895802894, -0.3031791629782026, -0.4577814891688976, 0.5831574954236864, 0.8994796734402069, 0.7403979463552928, -0.3654287107807348, 0.11224461167479238, 0.6500398671988686, 0.8755897772780172, -0.30564540613485636, 0.47948831805618963, -0.47438569948447284, 0.7361752359043503, -0.5289738251083629, -0.7302100409994996, -0.894954920685034, -0.7257077732245558, -0.5817100382279494, 0.34307563476702524, -0.9981114391502233, -0.4844687047766707, 0.17423344728843626, -0.12325356753612127, 0.3545570843134529, -0.20595634585498468, 0.09938019399559872, -0.5189526084784879, 0.5066060394766498, 0.3138484436807465, 0.7644954222238578, 0.2945323703470457, -0.6171409172522011, -0.7012698546246621, -0.7743507526012676, -0.8227995291350851, -0.9726691641521532, -0.13021497615782773, -0.016384268049516537, -0.09602455252442438, -0.7922789893064548, 0.4965477251375341, 0.9171650401315692, 0.4091816960198045, -0.592363306962348, -1.1758287917960821, -0.291199519476802, -0.20056400607954483, 0.14855947529589808, 0.7364394249572683, -0.8759528948669526, -0.4313066557814502, -0.8790874968583766, -0.4026993082186907, 0.32857852174839364, -0.20012268667541977, -0.6230746459882688, -0.36456320529889963, -0.4961501227246594, 0.9184843040035429, 0.36564991967586535, -0.6361602138769027, -0.44621857723024294, -0.7564765905160618, 0.9218533945523604, -0.11578536761595903, -0.21288831177549694, 0.21761048046795406, -0.6936516379989317, -0.2685052713444718, -0.1754652874190834, 0.5017724862481829, 0.27799024877011713, 0.20088974668805348, 0.632737914911621, 0.8464931652828953, -0.7738827891646243, 0.29221678621824404, -0.25875742508074917, -0.7174954631453236, 0.5447699434715552, -0.04459639814238986, 0.5513238746188904, 0.4846475312143117, -0.5080120139684383, 0.007391988250362802, 0.26469642703692586, -0.3699084530446821, 0.5305868890425101, 0.5857004776947696, -0.30443930233096766, 0.36081945902712564, 0.7318920299156988, -0.018123547517413074, 0.5123118423431824, 0.25118963863843224, 1.3405442458581323, 0.4119292954676377, 0.7161764169685159, 0.35685014135132276, -0.09944807259884514, -0.19517928091223946, -0.3821526444755594, -0.3148064909930288, 0.9864599099957692, -0.5653029807265153, 1.498086024042355, -0.12804819886122254, -0.6884511717665058, -0.5835435049534801, -0.9617167980631558, 0.15338068609579414, 0.1622599471270112, -0.3351211302068299, 0.10950989395836097, -0.8842273672379226, -0.5584171923334906, 0.8307627506419641, 0.278420599840169, 0.6452655516343624, 0.6467505689117294, 0.6939982671717229, -0.4190075570906546, -0.7285341559006353, -0.4925475489601625, 0.6803975254716457, -0.5958315872947759, -0.4167072041527389, -0.722533074257941, -0.6811677211136227, 