{"generation": 561, "results": [[336.82179636825646, {"w0": [-101.99261669213303, 237.55016317178462, 106.3894154896369, -136.93540767905654, -240.5685249111139, -203.11617117303305, 107.26115550149845, 36.864288007605836, 35.50150661282733, 168.92285713923735, -67.27918671693986, 264.13075656018617, -219.26821168673985, -202.43561794225081, 62.05344341516118, -45.47725234267827, 26.574130084840665, -108.32641029243206, 178.8073929286776, -353.23574745716576, 118.38481748398655, 98.42680689871217, -227.63191952687015, 242.23216252363315, -62.61537666096798, 163.87811272059508, -46.48186145816331, -197.30570219792176, 210.7230118142154, -46.92312495137832, -238.637120420371, -106.8973874052378, -44.60632660061749, -201.22239356297996, 34.418781802361, -61.09691874043788, 85.8810372775453, 0.45794002270665946, 165.97519891277238, -95.00519301847218, -281.1409404911497, 71.34056109966728, -332.5457249127011, 211.01405050081286, -4.4480127935435725, 146.1388029958031, -35.069354416743195, -172.48893426815977, -282.16838510012303, -72.26691668494581, 354.49474763618355, -155.84088551541578, -350.0771663597284, 478.0770646096017, 111.61654037774325, -131.23591764249792, 186.0338994822169, -102.02554421229718, -418.957042508629, -153.72695867199155, -190.32300843792808, -128.35236529863255, -225.73866509437286, 345.5844790404987, -115.42636425837797, -185.46826825945638, -20.782885501049133, -363.3501650999774, 165.7436850145411, 372.0437991475873, -241.20808886121014, -375.72633112731455, -63.352769564935606, 64.20697438305217, -125.70229194735228, 251.32641173532372, 115.04030654211014, 179.07486280604363, 481.50431770853095, -29.29774190867159, 62.63135617330816, 393.69864183359056, -31.66172168390667, 282.32648335039835, -56.08909465771464, 15.570714843771455, -97.64407778487049, -183.4684126748353, 76.33485750453359, 64.54037315410362, -6.77561653234493, -45.91825805463467, 191.2904082343993, 111.163840788767, -17.52877197832276, -305.53097213353794, 201.03981838656975, 54.947219540158144, 63.0409717793357, 182.34986810087247, -365.5646467223526, -43.99648445393225, -207.1560401328973, 61.15138694951628, 151.50580604852192, 189.51804238023303, -62.06157156698253, 40.48641012736474, -213.6654310977204, 29.77137457935049, 39.94202047396144, -272.186903431967, 141.40792958421724, 100.7348423891801, 86.22006564348118, 282.0724162740519, -47.63920280607896, -119.67616827704843, -172.08042491526584, 252.16712160868474, -40.64292873088611, -15.902321590459836, 214.3035480452436, -97.75182797020142, -53.15607561237415, 26.14439769644995, -53.79378709869234, -330.3158635387312, -106.38718432204023, 378.80174019156465, 337.4459923761522, -166.647410597018, -221.52491079151795, 27.13860689568464, -51.30460084153014, 303.1052760794142, 213.56935073010033, -65.90338824304149, -190.4614662204029, 48.94664437644948, 169.87044178499912, 294.19229475831503, -81.8093540822201, 313.80539314741407, 364.5563184214836, 100.18788214874226, 167.85646433632647, -49.90916806828414, -392.10371250160597, 107.28073525695167, -22.197506535165154, 211.91137161467725, 272.6065917298401, 38.40249862008835, 348.4172183409393, -251.53730827657049, -115.65647618763879, -62.19393646934364, 159.54556317824495, 544.9962346268188, -105.98666360786066, 8.893761374316128, -197.27611167999103, -58.42614195150763, -440.60296261130856, 116.60425570985552, 235.79088804755946, -158.50546421776556, -125.95895114870657, 2.1748219263288893, -175.92873808782585, 80.49384417293906, 33.82187729481896, 107.01577163551963, 72.54199408217399, 255.89059617166524, 67.64593452444714, -398.43731344561957, -114.17561532208032, 271.88982239529395, -27.8395838526358, 37.15637374169076, 41.41948283017766, -179.0257002164725, 180.47352719816683, -343.2959759470407, -142.511987268908, 119.78042032443531, -271.12270908958516, -78.76255088356848, 99.74307939923933, 141.0626505737012, 79.45869111362923, 88.4417462549465, -239.27688893406975, -11.769935455805118, 191.37810091006142, 125.61456957024238, -114.99304765409434, 269.8688589785116, -158.77935483710564, 77.84555475184094, 161.02602055068903, -131.5599877661616, -268.73014933207736, 87.61385456195609, -128.06534785075442, -431.7910928188486, -109.46918192314153, 140.51101882665085, 46.77361950037442, 369.98775442508776, -79.29853589961075, -158.95661807263303, 10.555685772971096, 83.34855128741417, -152.61868783733422, -92.0971111786523, -106.51974046741398, -66.92832970106973, -36.71447306233112, -47.708764976496724, 62.93883055768441, -202.2978728064913, 171.83061667960905, -46.99507269533637, 270.2801143915028, 184.90985589273612, -13.296756053985916, -89.39146913927159, -219.69529034174212, -496.60009787402385, 57.20945515031492, -210.19478699956622, -157.38633653381697, 7.108477421529745, -324.82866952273713, -11.51915434988535, -12.214711508157286, -15.315018816681574, 30.337385796470247, 12.431294541463572, -179.43939879936121, 188.5379292437862, -316.94225057386376, 134.10239780373422, -171.35907815043709, -31.51245140515764, 7.267110693346858, 6.377979855966402, 279.6433035620761, -28.07337630535548, -343.7496576377916, -168.29346723964753, -180.99398944958995, -44.11233472627363, 72.90081061055339, -46.1955894937137, 265.36887545107237, 12.099045846509746, -46.944206823575016, 219.9746915955894, 198.1304610486802, -13.642050660810746, 84.29966989167895, -248.32352214749466, -55.45037636894028, 93.5713694237802, -104.45820321257554, 105.27879753373861, 27.411733637680804, -49.88076416003028, 86.20022371082257, -118.94693735783783, 143.74161095147167, 121.01882464616475, 94.2254344702616, 188.20510686533441, 7.330315381500803, 298.8580218122707, -88.1405440043242, 408.6507799780384, -70.03201901038251, -184.18123400228603, -4.891029746415256, 178.3104917945472, -242.9931483741701, -112.09785239114362, 122.95533738099161, 229.69641204090755, -129.19541103377705, -229.71384720011957, -87.16255395829104, 435.766617487178, -340.76631921889907, 119.7885568915768, 158.05203891471078, 403.7033645770511, -156.46816109131166, -574.5128524995531, 318.06542953669884, 149.4153426777564, 49.70202629752785, -181.4413426674875, 87.38577569054186, 0.32866687641680414, 135.76572165722058, 178.86546705435842, 220.60410862614154, -168.11598491553258, 33.87982768419872, 59.07531135798371, -304.47467103209783, -198.03072669222246, 217.06532220060186, 81.47799320148638, -206.29444961603616, 161.83804173176222, 12.531963056824864, 106.85080855707521, 50.53449036316313, -21.09613181439761, -172.3303130347266, 207.36874461061788, -121.97460858436887, -217.06517135635127, -294.42158517007067, -19.50795659511573, -12.642038295722678, 104.53071224301662, -41.35860558281381, 50.57215394506012, -204.32905059943522, -104.63400427994983, 170.45175909046844, -23.19901541197938, 341.80426286346005, -174.33800570344448, -177.60052679407147, 47.38370441154488, 123.03338375890692, 128.75084785161255, -190.89866898286851, 434.1346596914188, 110.64167568327673, 243.84941289800014, 0.5228182693105928, 207.81872734973953, -92.34017702554905, -211.64638128628732, -318.53678824741746, 97.11054257601829, -170.4153463136819, -40.86633916064076, 53.139519025774824, -118.03490592787094, -67.75170693115078, 290.35628175905515, -126.12025784724672, -120.43424837315087, -166.67727135028514, 160.98256293430765, -179.4951195823261, 125.48477872654162, -228.21691480128658, -124.87032642722008, 20.02148640102653, 104.78113738935204, -153.13878429152334, -80.58306322560074, 24.04580314306495, 123.34775744263025, -11.260327235421938, -34.51986444187147, 52.75240923764541, 230.076693238389, -264.13483525290604, -133.38220641377836, -149.9338632906881, -142.61905650285428, -515.3869326311753, -43.86712946232972, 261.65763452398636, -185.8560106519592, 26.88508275574238, 144.3929818456615, -72.54684514330012, -219.7149806635385, -124.22609033660194, -122.68173718925212, -251.3802516282922, 250.54414032704258, -269.976717575719, 294.7062297656025, 332.35260200842185, -331.4954406178267, 113.72130811490267, 