{"generation": 0, "results": [[500.0, {"w0": [-0.3533612138292963, -0.591980680312284, -0.7490822089252931, -0.621779627997187, 0.18098107469077518, -0.2930973562408059, -0.19921425796999648, 0.7626667325282506, 0.6962053604189573, -0.035780361461753785, -0.30082532526646855, 0.04233761205301767, 0.7093995168559721, 0.8014624959113184, 0.7389797414007069, 0.0011010247075911028], "w1": [-0.4756672127966992, 0.3934236592553346, -0.39353977709717247, 0.39799133749460736]}]]}