{"generation": 4, "results": [[98.54941100858858, {"w0": [4.699686798172502, 5.19916763082564, 4.0796694341039945, -9.015698298609369], "w1": [7.662921570560762, -7.565563447056098]}]]}